category,elasticity_approx
almond_milk,-1.2382008772277049
kombucha,-1.1574126774275983
protein_shake,-0.8628118452148941
oat_milk,-0.8615268724747006
